0.6158935097705178,-0.21877298860980393,0.3113241765579608
0.616297493469158,-0.21630212014424724,0.31140553043488023
0.6166794241712804,-0.21391723737088747,0.31146172968796415
0.6170397736992176,-0.21161460455987824,0.31149393200761305
0.617379007987829,-0.20939061021487118,0.31150326008583523
0.6176975870951986,-0.2072417640391427,0.3114908023730159
0.6179959652144329,-0.2051646939563385,0.31145761382265147
0.6182745906865351,-0.2031561431851106,0.31140471662419056
0.6185339060143356,-0.20121296736692784,0.3113331009241226
0.6187743478774543,-0.19933213174634773,0.311243725535452
0.6189963471482732,-0.19751070840304522,0.31113751863569705
0.619200328908898,-0.1957458735348999,0.3110153784535491
0.6193867124690859,-0.19403490479145033,0.3108781739443282
0.6195559113851206,-0.19237517865703144,0.31072674545436973
0.619708333479609,-0.19076416788291653,0.3105619053744745
0.6198443808621843,-0.18919943896779343,0.3103844387825546
0.6199644499510901,-0.18767864968591,0.31019510407560685
0.6200689314956273,-0.18619954666223104,0.3099946335911417
0.6201582105994433,-0.1847599629939556,0.3097837342181977
0.6202326667446435,-0.18335781591774947,0.3095630879980686
0.6202926738167046,-0.1819911045220547,0.3093333527148691
0.6203386001301711,-0.18065790750384428,0.3090951624760649
0.6203708084551153,-0.17935638096919593,0.3088491282830904
0.6203896560443414,-0.17808475627706621,0.30859583859217854
0.6203954946613156,-0.17684133792565188,0.30833585986552275
0.6203886706088023,-0.175624501480731,0.3080697371128936
0.6203695247581892,-0.17443269154538454,0.30779799442382855
0.6203383925794821,-0.17326441977050278,0.30752113549051424
0.6202956041719525,-0.17211826290548876,0.30723964412147864
0.6202414842954184,-0.17099286088857663,0.3069539847462098
0.6201763524021424,-0.16988691497618813,0.3066646029108159
0.6201005226693297,-0.16879918591075743,0.3063719257648422
0.6200143040322064,-0.16772849212645982,0.30607636253935744
0.6199180002176646,-0.1666737079922854,0.3057783050164219
0.6198119097784549,-0.16563376209190586,0.30547812799004914
0.6196963261279113,-0.1646076355397869,0.3051761897187712
0.6195715375751902,-0.16359436033300584,0.30487283236991647
0.6194378273610106,-0.16259301773823825,0.30456838245570866
0.6192954736938752,-0.16160273671338504,0.30426315126129416
0.619144749786761,-0.16062269236331517,0.30395743526480384
0.6189859238942607,-0.15965210442920577,0.30365151654955463
0.6188192593501601,-0.1586902358109672,0.3033456632084951
0.6186450146054387,-0.15773639112224525,0.30304012974099853
0.6184634432666742,-0.15678991527749886,0.30273515744210533
0.6182747941348404,-0.15585019211065704,0.3024309747843168
0.6180793112444812,-0.15491664302486358,0.3021277977920398
0.6178772339032469,-0.15398872567282457,0.3018258304087826
0.6176687967317791,-0.1530659326672777,0.30152526485719944
0.6174542297039297,-0.1521477903211087,0.3012262819920828
0.6172337581873002,-0.15123385741664488,0.3009290516463977
0.6170076029840871,-0.1503237240036615,0.3006337329704565
0.6167759803722217,-0.1494170102256409,0.3003404747643261
0.6165391021467883,-0.1485133651738308,0.300049415803564
0.6162971756617097,-0.14761246576865172,0.2997606851583737
0.6160504038716866,-0.1467140156680103,0.29947440250627355
0.6157989853743776,-0.145817744202078,0.2991906784383686
0.615543114452807,-0.14492340533410236,0.2989096147593167
0.61528298111799,-0.1440307766468205,0.2986313047810772
0.6150187711517595,-0.14313965835405085,0.2983558336105319
0.6147506661497862,-0.14224987233704356,0.2980832784310647
0.6144788435647771,-0.14136126120517473,0.29781370877818686
0.614203476749842,-0.1404736873805747,0.2975471868092947
0.6139247350020169,-0.13958703220628488,0.2972837675676432
0.6136427836059316,-0.138701195077543,0.29702349924062044
0.6133577838776109,-0.1378160925958006,0.2967664234124064
0.6130698932083987,-0.13693165774508181,0.2965125753110976
0.6127792651089929,-0.13604783909029664,0.2962619840503805
0.6124860492535825,-0.13516459999712682,0.29601467286583294
0.6121903915240731,-0.1342819178731069,0.2957706593459344
0.6118924340543932,-0.13339978342952685,0.29552995565786466
0.6115923152748701,-0.13251819996378883,0.2952925687681677
0.6112901699566646,-0.13163718266185254,0.29505850065835965
0.6109861292562555,-0.13075675792041055,0.2948277485355572
0.6106803207599629,-0.12987696268843762,0.29460030503820167
0.6103728685285025,-0.12899784382776291,0.2943761584369547
0.6100638931415593,-0.12811945749231854,0.2941552928308393
0.6097535117423728,-0.12724186852572156,0.2939376883387004
0.6094418380823238,-0.12636514987685138,0.29372332128605655
0.6091289825655137,-0.12548938203308788,0.2935121643874165
0.6088150522933287,-0.1246146524708809,0.29330418692412974
0.6085001511089769,-0.12374105512332435,0.2930993549178435
0.6081843796419946,-0.1228686898644137,0.2928976312996345
0.6078678353527075,-0.12199766200966879,0.29269897607488493
0.6075506125766446,-0.12112808183280793,0.2925033464839715
0.6072328025688903,-0.12026006409816385,0.2923106971588335
0.606914493548373,-0.11939372760853523,0.29212098027548816
0.6065957707420764,-0.11852919476817182,0.29193414570255855
0.6062767164291697,-0.11766659116059554,0.2917501411458796
0.6059574099850487,-0.11680604514096234,0.29156891228924653
0.6056379279252769,-0.1159476874426753,0.29139040293137003
0.6053183439494245,-0.11509165079796164,0.2912145551191008
0.6049987289847929,-0.11423806957213077,0.2910413092769866
0.6046791512300214,-0.11338707941123438,0.2908706043332227
0.6043596761985675,-0.11253881690285325,0.2907023778420577
0.6040403667620537,-0.11169341924973727,0.2905365661027149
0.6037212831934748,-0.11085102395603348,0.29037310427488805
0.6034024832102588,-0.11001176852583372,0.29021192649087213
0.6030840220171747,-0.1091757901737836,0.29005296596438596
0.6027659523490821,-0.10834322554749383,0.2898961550961454
0.6024483245135142,-0.10751421046150028,0.2897414255762439
0.6021311864330897,-0.10668887964252187,0.2895887084833962
0.6018145836877485,-0.10586736648576843,0.28943793438110205
0.6014985595568021,-0.10504980282205668,0.2892890334107841
0.6011831550607963,-0.1042363186954916,0.2891419353819549
0.6008684090031795,-0.10342704215147683,0.28899656985946626
0.6005543580117703,-0.1026220990348218,0.2888528662478952
0.6002410365800193,-0.10182161279771254,0.2887107538731179
0.599928477108062,-0.10102570431732093,0.28857016206112457
0.5996167099435533,-0.10023449172282665,0.28843102021412537
0.599305763422284,-0.09944809023163359,0.2882932578839997
0.598995663908569,-0.09866661199455978,0.28815680484313727
0.5986864358354061,-0.09789016594978876,0.2880215911527219
0.5983781017444009,-0.09711885768537001,0.28788754722850585
0.5980706823254485,-0.09635278931005997,0.28775460390412366
0.597764196456175,-0.09559205933229906,0.28762269249199296
0.5974586612411268,-0.09483676254712169,0.28749174484184925
0.59715409205071,-0.09408698993080035,0.2873616933969618
0.5968505025598705,-0.09334282854302717,0.2872324712480758
0.596547904786514,-0.09260436143644019,0.2871040121851267
0.5962463091296618,-0.09187166757330326,0.28697625074677163
0.5959457244073361,-0.0911448217491532,0.286849122267782
0.5956461578941741,-0.09042389452322636,0.28672256292434045
0.5953476153587658,-0.08970895215548697,0.28659650977728734
0.5950501011007112,-0.08900005655007623,0.28647090081335636
0.5947536179873953,-0.08829726520500406,0.2863456749844438
0.5944581674904765,-0.08760063116791261,0.286220772244952
0.594163749722085,-0.08691020299774108,0.2860961335872484
0.5938703634707283,-0.08622602473211952,0.28597170107527997
0.5935780062369018,-0.08554813586033122,0.2858474178763837
0.5932866742683993,-0.0848765713016793,0.2857232282913323
0.5929963625953227,-0.08421136138909388,0.2855990777826542
0.592707065064787,-0.08355253185782727,0.2854749130012655
0.5924187743753182,-0.0829001038390795,0.285350681811453
0.5921314821109416,-0.08225409385840252,0.28522633331424446
0.5918451787749582,-0.08161451383873097,0.28510181786920424
0.5915598538234061,-0.0809813711078958,0.28497708711468894
0.5912754956982051,-0.08035466841047267,0.28485209398660133
0.5909920918599826,-0.07973440392382355,0.28472679273567525
0.590709628820578,-0.07912057127819153,0.28460113894332917
0.590428092175224,-0.0785131595807112,0.2844750895361202
0.5901474666344023,-0.0779121534431988,0.2843486027988349
0.5898677360553726,-0.07731753301358774,0.2842216383862484
0.5895888834733725,-0.07672927401088339,0.2840941573335864
0.5893108911324865,-0.07614734776350168,0.28396612206572147
0.5890337405161836,-0.07557172125087205,0.28383749640513656
0.5887574123775197,-0.07500235714817716,0.2837082455786872
0.5884818867690056,-0.07443921387410629,0.2835783362231923
0.5882071430721385,-0.07388224564150991,0.28344773638988763
0.5879331600265945,-0.07333140251082607,0.28331641554776743
0.5876599157590824,-0.07278663044617925,0.28318434458584907
0.5873873878118573,-0.07224787137402056,0.28305149581438604
0.5871155531708917,-0.07171506324421648,0.2829178429650611
0.586844388293705,-0.07118814009346217,0.2827833611901867
0.5865738691368487,-0.07066703211092151,0.28264802706094094
0.586303971183048,-0.07015166570598746,0.28251181856466756
0.5860346694679966,-0.06964196357805558,0.2823747151012666
0.5857659386068079,-0.06913784478821869,0.28223669747870256
0.585497752820117,-0.06863922483277207,0.2820977479076567
0.5852300859598373,-0.0681460157184467,0.2819578499953506
0.5849629115345684,-0.06765812603925866,0.2818169887385642
0.5846962027346563,-0.06717546105490005,0.2816751505158761
0.5844299324569046,-0.06669792277056505,0.28153232307915016
0.5841640733289365,-0.06622541001813134,0.2813884955442917
0.5838985977332085,-0.06575781853860202,0.28124365838129906
0.5836334778306733,-0.06529504106573333,0.2810978034036345
0.5833686855840945,-0.0648369674107522,0.2809509237569347
0.5831041927810103,-0.0643834845480869,0.280803013907089
0.5828399710563491,-0.0639344767020357,0.28065406962770145
0.5825759919146937,-0.06348982543428489,0.28050408798696624
0.5823122267521973,-0.06304940973220768,0.28035306733397125
0.5820486468781495,-0.06261310609786341,0.2802010072844573
0.5817852235361937,-0.06218078863762985,0.28004790870604906
0.5815219279251944,-0.061752329152390234,0.279893773702983
0.5812587312197578,-0.061327597228205966,0.2797386056003491
0.580995604590403,-0.06090646032741362,0.27958240892786823
0.5807325192233851,-0.06048878388007001,0.2794251894032257
0.580469446340173,-0.06007443137568358,0.2792669539149783
0.5802063572165783,-0.0596632644551722,0.27910771050505456
0.5799432232015403,-0.05925514300297996,0.2789474683508688
0.5796800157355639,-0.05884992523929311,0.27878623774706474
0.5794167063688138,-0.058447467812297205,0.27862403008690767
0.5791532667788647,-0.05804762589042034,0.2784608578433441
0.5788896687881082,-0.057650253254498546,0.27829673454974463
0.5786258843808179,-0.05725520238981807,0.2781316747803481
0.5783618857198727,-0.05686232457797272,0.2779656941304237
0.5780976451631407,-0.05647146998849206,0.2777988091961661
0.577833135279522,-0.056082487770179684,0.2776310375543432
0.577568328864656,-0.0556952261421258,0.2774623977417076
0.5773031989562886,-0.05530953248433526,0.2772929092341936
0.5770377188493055,-0.05492525342792812,0.27712259242590537
0.5767718621104299,-0.054542234944865375,0.2769514686079248
0.5765056025925863,-0.05416032243716781,0.27677955994693765
0.5762389144489332,-0.05377936082556439,0.2766068894637093
0.5759717721465631,-0.05339919463754739,0.2764334810114085
0.5757041504798751,-0.05301966809478359,0.2762593592538049
0.5754360245836166,-0.0526406251998528,0.2760845496433457
0.5751673699456008,-0.05226190982225637,0.27590907839913054
0.5748981624190971,-0.05188336578368852,0.27573297248479495
0.5746283782348994,-0.05150483694250721,0.27555625958631236
0.5743579940130703,-0.05112616727738856,0.2753789680897334
0.5740869867743663,-0.05074720097011898,0.2752011270588707
0.5738153339513437,-0.05036778248751353,0.2750227662129377
0.5735430133991463,-0.04998775666239744,0.2748439159041637
0.5732700034059789,-0.04960696877365678,0.2746646070953837
0.5729962827032664,-0.04922526462530008,0.27448487133762284
0.5727218304755005,-0.04884249062452864,0.2743047407476856
0.5724466263697765,-0.04845849385876658,0.2741242479857541
0.5721706505050222,-0.04807312217163573,0.27394342623301526
0.5718938834809199,-0.04768622423786478,0.2737623091693176
0.5716163063865227,-0.04729764963707214,0.2735809309508765
0.5713379008085714,-0.04690724892644685,0.27339932618802804
0.5710586488395064,-0.04651487371226479,0.27321752992305104
0.5707785330851851,-0.04612037672025371,0.27303557760805786
0.5704975366722992,-0.04572361186475116,0.27285350508296646
0.5702156432555003,-0.045324434316681234,0.27267134855356623
0.5699328370242315,-0.04492270057028691,0.27248914456967777
0.5696491027092684,-0.04451826850864146,0.2723069300034212
0.5693644255889732,-0.04411099746788846,0.27212474202759995
0.5690787914952614,-0.043700748300224995,0.2719426180942081
0.5687921868192869,-0.04328738343559144,0.2717605959130641
0.5685045985168418,-0.042870766942064875,0.271578713430588
0.5682160141134808,-0.042450764584949674,0.27139700880871775
0.5679264217093665,-0.04202724388454049,0.27121552040398356
0.5676358099838396,-0.04160007417255315,0.2710342867467375
0.5673441681997184,-0.0411691266472044,0.27085334652054666
0.5670514862073265,-0.0407342744269763,0.27067273854176593
0.5667577544482536,-0.04029539260296036,0.27049250173927897
0.5664629639588512,-0.03985235828989611,0.27031267513443236
0.5661671063734643,-0.039405050675788894,0.27013329782115336
0.5658701739274048,-0.0389533510701667,0.2699544089462672
0.5655721594596634,-0.03849714295096063,0.269776047690014
0.5652730564153701,-0.038036312009965434,0.26959825324677317
0.5649728588479981,-0.03757074619692616,0.26942106480599626
0.5646715614213189,-0.03710033576223304,0.26924452153336365
0.5643691594111095,-0.03662497329816872,0.2690686625521513
0.5640656487066131,-0.03614455377882514,0.26889352692483515
0.5637610258117576,-0.0356589745985407,0.2687191536349184
0.5634552878461336,-0.03516813560897983,0.2685455815689943
0.5631484325457344,-0.03467193915478747,0.2683728494990514
0.5628404582634615,-0.03417029010783593,0.2682009960650142
0.5625313639693964,-0.033663095900072854,0.2680300597575399
0.5622211492508435,-0.03315026655495745,0.2678600789010534
0.5619098143121463,-0.03263171471749754,0.2676910916370472
0.5615973599742763,-0.03210735568288947,0.26752313590762844
0.5612837876742036,-0.031577107423758105,0.267356249439331
0.560969099464046,-0.03104089061600543,0.2671904697271893
0.5606532980100012,-0.03049862866326017,0.26702583401907565
0.5603363865910678,-0.02995024771996535,0.2668623793003091
0.5600183690975519,-0.02939567671306148,0.2667001422785314
0.5596992500293677,-0.028834847362313676,0.26653915936885786
0.5593790344941318,-0.02826769419925712,0.26637946667930534
0.5590577282050548,-0.02769415458480154,0.2662210999964933
0.5587353374786311,-0.027114168725452414,0.26606409477163057
0.5584118692321349,-0.026527679688215483,0.26590848610677387
0.5580873309809179,-0.025934633414146285,0.26575430874138223
0.5577617308355179,-0.02533497873055429,0.26560159703914415
0.5574350774985767,-0.024728667361937517,0.2654503849750959
0.5571073802615728,-0.02411565393953294,0.26530070612303086
0.5567786490013709,-0.023495896009619516,0.2651525936431905
0.5564488941765894,-0.022869354040501166,0.26500608027024797
0.5561181268237916,-0.02223599142821539,0.2648611983015859
0.5557863585535017,-0.021595774500968168,0.2647179795858563
0.5554536015460485,-0.020948672522300205,0.26457645551184594
0.5551198685472382,-0.02029465769301783,0.2644366569976249
0.5547851728638651,-0.01963370515185517,0.2642986144799881
0.5544495283590529,-0.018965792974954626,0.26416235790420006
0.5541129494474408,-0.018290902174090018,0.2640279167140213
0.5537754510902071,-0.01760901669370807,0.26389531984203823
0.5534370487899406,-0.016920123406777676,0.2637645957002858
0.5530977585853589,-0.016224212109472197,0.26363577217115897
0.5527575970458772,-0.015521275514650407,0.26350887659862815
0.5524165812660295,-0.014811309244253362,0.26338393577973696
0.5520747288597488,-0.014094311820496697,0.26326097595640385
0.5517320579545035,-0.013370284655989023,0.26314002280751203
0.5513885871852968,-0.012639232042729182,0.2630211014412931
0.5510443356885332,-0.011901161140006278,0.2629042363880033
0.5506993230957482,-0.011156081961234715,0.26278945159289024
0.5503535695272119,-0.010404007359691325,0.26267677040945114
0.5500070955854056,-0.009644953013274976,0.26256621559298277
0.5496599223483727,-0.00887893740815604,0.2624578092944146
0.549312071362951,-0.008105981821465713,0.26235157305443996
0.5489635646378851,-0.00732611030296168,0.26224752779791694
0.548614424636824,-0.0065393496557118735,0.26214569382858366
0.5482646742712073,-0.005745729415809392,0.2620460908240218
0.547914336893039,-0.00494528183115811,0.26194873783092837
0.5475634362875575,-0.004138041839286066,0.2618536532606691
0.5472119966658001,-0.0033240470442534586,0.26176085488509193
0.5468600426570664,-0.002503337692695423,0.2616703598326469
0.5465075993012827,-0.0016759566489231437,0.2615821845847525
0.5461546920412708,-0.0008419493691779745,0.26149634497246826
0.5458013467149271,-1.3638750914757303e-06,0.26141285617341353
0.5454475895473052,0.0008457492737971029,0.26133173270897586
0.5450934471426184,0.0016993370082552806,0.2612529884417871
0.5447389464761521,0.002559343778372025,0.2611766365734504
0.5443841148860966,0.0034257115834029905,0.2611026896425626
0.5440289800653028,0.004298380002336705,0.26103115952297234
0.5436735700529568,0.00517728622522709,0.2609620574223131
0.543317913226186,0.006062365085238969,0.26089539388079785
0.5429620382915921,0.006953549091397282,0.2608311787702678
0.5426059742767144,0.007850768462073276,0.2607694212934823
0.5422497505214309,0.008753951159057388,0.2607101299836869
0.5418933966692956,0.00966302292241003,0.26065331270442127
0.5415369426588139,0.010577907305808265,0.26059897664955645
0.541180418714663,0.011498525712638819,0.26054712834360555
0.5408238553388582,0.012424797432597334,0.2604977736422633
0.540467283301863,0.013356639678945459,0.26045091773317786
0.5401107336336548,0.014293967626279575,0.2604065651369789
0.5397542376147421,0.01523669444885628,0.2603647197085267
0.5393978267671353,0.0161847313594696,0.2603253846383959
0.5390415328452811,0.017137987648821268,0.2602885624545853
0.5386853878269511,0.018096370725364214,0.2602542550244693
0.5383294239041009,0.01905978615569756,0.2602224635569534
0.5379736734736917,0.020028137705270066,0.26019318860486085
0.5376181691284816,0.021001327379712664,0.26016643006753
0.5372629436477874,0.021979255466432368,0.2601421871936413
0.5369080299882224,0.02296182057662427,0.2601204585842468
0.5365534612744092,0.02394891968783977,0.26010124219599773
0.5361992707896702,0.024940448186650838,0.2600845353445924
0.5358454919667035,0.025936299911883204,0.2600703347084311
0.5354921583782374,0.02693636719806583,0.2600586363324563
0.5351393037276767,0.027940540919226514,0.2600494356321938
0.5347869618397314,0.028948710532982813,0.2600427273979959
0.5344351666510458,0.029960764124884798,0.26003850579946436
0.5340839522008114,0.03097658845308776,0.26003676439006707
0.5337333526213816,0.0319960689931596,0.26003749611193605
0.5333834021288839,0.033019089983164496,0.26004069330083995
0.5330341350138326,0.03404553446901615,0.26004634769134727
0.532685585631743,0.035075284349894376,0.2600544504221681
0.5323377883937571,0.03610822042394868,0.26006499204162453
0.5319907777572672,0.037144222434057406,0.26007796251335624
0.5316445882165579,0.03818316911380998,0.26009335122212207
0.5312992542934596,0.039224938233584805,0.2601111469798261
0.5309548105280087,0.04026940664667045,0.2601313380316296
0.5306112914691393,0.04131645033555381,0.2601539120623066
0.5302687316653781,0.042365944458264415,0.2601788562026574
0.5299271656555723,0.04341776339473191,0.2602061570361356
0.529586627959634,0.0444717807932094,0.26023580060559587
0.529247153069317,0.045527869616722005,0.26026777242017685
0.528908775439014,0.04658590218951775,0.2603020574623333
0.5285715294765888,0.04764575024348161,0.2603386401949953
0.5282354495342396,0.048707284964607134,0.2603775045688578
0.5279005698993942,0.04977037703925863,0.26041863402981186
0.5275669247856472,0.050834896700601484,0.2604620115264585
0.5272345483237284,0.05190071377478295,0.26050761951780427
0.5269034745525176,0.05296769772703491,0.2605554399810214
0.5265737374100957,0.054035717707811515,0.26060545441933936
0.5262453707248487,0.05510464259864334,0.26065764387005474
0.5259184082066095,0.05617434105799418,0.26071198891264336
0.5255928834378525,0.057244681566854416,0.2607684696769651
0.5252688298649382,0.058315532474229326,0.26082706585158144
0.5249462807894102,0.05938676204251203,0.2608877566921546
0.5246252693593461,0.06045823849250109,0.260950521029951
0.5243058285607597,0.06152983004836332,0.2610153372804583
0.5239879912090717,0.06260140498233091,0.2610821834520072
0.5236717899406296,0.06367283165920812,0.2611510371545798
0.5233572572042932,0.0647439785804319,0.2612218756086426
0.5230444252530871,0.06581471442815029,0.2612946756540222
0.5227333261359093,0.06688490810892428,0.2613694137589371
0.5224239916893136,0.06795442879703106,0.26144606602902704
0.5221164535293663,0.0690231459776276,0.26152460821648393
0.5218107430435484,0.07009092948949497,0.26160501572923656
0.5215068913827658,0.07115764956750265,0.26168726364018813
0.5212049294534039,0.07222317688481622,0.26177132669652364
0.5209048879094667,0.0732873825945593,0.2618571793290452
0.5206067971447993,0.07435013837134063,0.26194479566158263
0.5203106872853795,0.075411316452208,0.262034149520442
0.5200165881816922,0.0764707896773707,0.26212521444389125
0.5197245294011921,0.07752843153052252,0.2622179636916812
0.5194345402208348,0.07858411617851352,0.26231237025463344
0.5191466496197055,0.07963771851111612,0.2624084068641946
0.5188608862717334,0.0806891141797006,0.26250604600209565
0.5185772785384815,0.08173817963614194,0.26260525991000266
0.5182958544620377,0.08278479217067625,0.2627060205991815
0.5180166417579927,0.08382882994983515,0.26280829986018783
0.517739667808503,0.08487017205353348,0.26291206927261357
0.5174649596554627,0.08590869851173033,0.263017300214758
0.5171925439937468,0.08694429034094775,0.26312396387343384
0.5169224471645734,0.08797682957969011,0.2632320312536403
0.5166546951489459,0.08900619932395215,0.26334147318838763
0.516389313561202,0.09003228376188044,0.26345226034838276
0.5161263276426605,0.09105496820797027,0.2635643632518191
0.5158657622553694,0.09207413913674617,0.26367775227411905
0.5156076418759474,0.0930896842159763,0.26379239765764934
0.5153519905895456,0.0941014923391717,0.26390826952147156
0.5150988320838981,0.09510945365776746,0.2640253378710582
0.5148481896434824,0.09611345961246076,0.26414357260797044
0.5146000861437886,0.0971134029642981,0.2642629435395816
0.514354544045695,0.09810917782477574,0.2643834203886803
0.5141115853899496,0.09910067968588954,0.264504972803158
0.5138712317917662,0.10008780544910434,0.2646275703655523
0.5136335044355196,0.1010704534539027,0.2647511826027208
0.5133984240695717,0.10204852350593996,0.2648757789952872
0.5131660110011913,0.10302191690418133,0.265001328987182
0.5129362850915989,0.10399053646781803,0.26512780199517705
0.5127092657511134,0.10495428656230615,0.2652551674182039
0.512484971934431,0.10591307312487946,0.2653833946468393
0.5122634221360078,0.10686680368946261,0.26551245307258253
0.5120446343855596,0.10781538741074032,0.2656423120971958
0.5118286262436846,0.10875873508805939,0.26577294114187566
0.5116154147975956,0.10969675918802962,0.2659043096565569
0.5114050166569925,0.11062937386700794,0.26603638712892946
0.511197447950019,0.11155649499283155,0.26616914309356265
0.5109927243193737,0.11247804016550977,0.2663025471409227
0.5107908609185239,0.11339392873777093,0.26643656892633005
0.5105918724080418,0.11430408183478902,0.2665711781788222
0.510395772952083,0.11520842237288043,0.26670634470997406
0.5102025762149461,0.1161068750781889,0.2668420384226555
0.5100122953578065,0.11699936650401593,0.2669782293197146
0.5098249430355335,0.11788582504799505,0.2671148875125715
0.5096405313936544,0.11876618096824842,0.26725198322969745
0.5094590720654361,0.11964036639919368,0.2673894868251865
0.5092805761690945,0.12050831536616569,0.26752736878695427
0.509105054305126,0.12136996380003595,0.2676655997451445
0.5089325165537701,0.12222524955048414,0.2678041504803048
0.508762972472595,0.12307411239886823,0.26794299193146126
0.5085964310942109,0.12391649407074501,0.2680820952041702
0.5084329009241207,0.12475233824686816,0.2682214315784234
0.5082723899386783,0.12558159057445173,0.2683609725165463
0.5081149055831905,0.1264041986768754,0.2685006896708607
0.5079604547701482,0.12722011216351492,0.2686405548914185
0.507809043877573,0.12802928263806107,0.2687805402334992
0.5076606787475062,0.12883166370698068,0.268920617965068
0.507515364684621,0.12962721098648633,0.2690607605741403
0.507373106454962,0.13041588210931154,0.2692009407760179
0.5072339082848158,0.13119763673092538,0.26934113152045647
0.5070977738597184,0.13197243653439716,0.26948130599867337
0.5069647063235729,0.13274024523546119,0.26962143765030616
0.5068347082779184,0.13350102858581847,0.2697615001701748
0.5067077817813246,0.13425475437703,0.2699014675150664
0.5065839283488902,0.13500139244246157,0.2700413139102879
0.5064631489519139,0.13574091465964444,0.2701810138561702
0.5063454440176555,0.13647329495114036,0.2703205421344187
0.5062308134292515,0.13719850928491562,0.2704598738143739
0.506119256525758,0.13791653567470152,0.27059898425913287
0.5060107721023028,0.13862735417867084,0.27073784913163235
0.5059053584103886,0.13933094689812237,0.2708764444004236
0.5058030131583185,0.1400272979751498,0.27101474634557315
0.5057037335117549,0.14071639358994603,0.2711527315642511
0.5056075160943823,0.1413982219573769,0.27129037697624414
0.5055143569887364,0.14207277332251644,0.2714276598294235
0.5054242517371409,0.14274003995623535,0.2715645577049358
0.5053371953427626,0.14340001614945963,0.2717010485224973
0.505253182270827,0.1440526982069823,0.2718371105452782
0.5051722064499085,0.1446980844411156,0.27197272238480974
0.5050942612734125,0.1453361751639805,0.2721078630059042
0.5050193396011252,0.14596697267961417,0.27224251173110736
0.5049474337609303,0.14659048127537289,0.27237664824534114
0.5048785355506278,0.1472067072124833,0.27251025260019135
0.5048126362398921,0.1478156587164613,0.27264330521820157
0.5047497265723444,0.14841734596633505,0.27277578689697773
0.5046897967677588,0.14901178108383528,0.27290767881314637
0.504632836524379,0.1495989781215133,0.2730389625262475
0.5045788350213865,0.15017895305050605,0.27316961998236117
0.5045277809214483,0.15075172374759982,0.27329963351774833
0.5044796623734267,0.1513173099820807,0.2734289858623036
0.5044344670151896,0.15187573340123728,0.2735576601427681
0.5043921819765428,0.1524270175161072,0.2736856398859907
0.5043527938823049,0.15297118768607787,0.2738129090219082
0.504316288855454,0.15350827110339665,0.27393945188645524
0.5042826525204442,0.1540382967770021,0.2740652532242668
0.5042518700066242,0.15456129551494996,0.27419029819136914
0.5042239259517407,0.15507729990796298,0.27431457235767626
0.5041988045056168,0.15558634431135626,0.27443806170915014
0.5041764893339008,0.15608846482625172,0.2745607526502664
0.5041569636219433,0.15658369928062826,0.27468263200583243
0.5041402100787915,0.15707208721071036,0.27480368702311986
0.5041262109413016,0.15755366984005315,0.27492390537344946
0.5041149479783651,0.15802849005980613,0.275043275154035
0.5041064024952131,0.15849659240748137,0.27516178488928184
0.5041005553378851,0.1589580230456808,0.27527942353237633
0.5040973868977722,0.15941282974016224,0.27539618046635805
0.5040968771162672,0.159861061837697,0.27551204550528774
0.5040990054895437,0.16030277024334594,0.2756270088951902
0.5041037510734431,0.1607380073970635,0.27574106131480464
0.5041110924884378,0.1611668272501129,0.27585419387636734
0.5041210079247147,0.1615892852411442,0.27596639812611207
0.5041334751473856,0.1620054382718195,0.2760776660445989
0.5041484715017656,0.16241534468104368,0.27618799004720906
0.5041659739187675,0.16281906422167636,0.27629736298388924
0.5041859589204167,0.16321665803246865,0.2764057781396393
0.5042084026254221,0.16360818861376436,0.27651322923387645
0.5042332807548777,0.16399371980026617,0.2766197104205559
0.5042605686380552,0.16437331673460343,0.27672521628755553
0.5042902412182981,0.164747045840059,0.2768297418561586
0.504322273058986,0.16511497479298903,0.2769332825803804
0.5043566383496193,0.16547717249509236,0.27703583434628803
0.5043933109119934,0.1658337090460596,0.27713739347079314
0.5044322642064487,0.16618465571323143,0.2772379567008818
0.5044734713382057,0.1665300849052454,0.27733752121216093
0.5045169050638235,0.166870070140824,0.2774360846076949
0.5045625377977185,0.1672046860211761,0.27753364491640853
0.5046103416187662,0.16753400819909575,0.27763020059168314
0.5046602882769855,0.1678581133501828,0.2777257505094627
0.5047123492003479,0.1681770791420149,0.27782029396645147
0.5047664955015956,0.16849098420354902,0.27791383067813624
0.5048226979852217,0.16879990809553042,0.2780063607768031
0.5048809271544487,0.16910393127921464,0.2780978848092096
0.5049411532183482,0.16940313508512828,0.2781884037342171
0.5050033460990005,0.1696976016814099,0.2782779189204907
0.5050674754387442,0.16998741404422707,0.2783664321437179
0.5051335106075041,0.17027265592386792,0.27845394558403963
0.5052014207101404,0.170553411814442,0.278540461823152
0.5052711745939769,0.1708297669213792,0.2786259838414409
0.5053427408562686,0.17110180712991435,0.27871051501489724
0.5054160878518222,0.17136961897200936,0.27879405911185107
0.5054911837006448,0.1716332895950033,0.2788766202899188
0.5055679962957004,0.17189290672819296,0.27895820309236263
0.5056464933106469,0.17214855865125017,0.2790388124446699
0.5057266422077151,0.17240033416032935,0.27911845365107973
0.5058084102456077,0.1726483225368166,0.27919713239063443
0.5058917644874645,0.1728926135131192,0.2792748547135402
0.5059766718088707,0.17313329724076537,0.279351627036974
0.5060630989059377,0.1733704642571522,0.2794274561413506
0.5061510123034327,0.17360420545199357,0.2795023491659256
0.5062403783629371,0.1738346120355766,0.2795763136048116
0.5063311632910774,0.17406177550456586,0.27964935730235235
0.5064233331478178,0.1742857876094433,0.27972148844882316
0.506516853854744,0.1745067403213949,0.2797927155758754
0.5066116912034426,0.17472472579952347,0.2798630475519564
0.5067078108639023,0.17493983635764765,0.2799324935773364
0.5068051783929384,0.17515216443086928,0.2800010631796623
0.5069037592427054,0.17536180254413197,0.2800687662087849
0.5070035187691879,0.1755688432770665,0.2801356128317987
0.5071044222407682,0.17577337923359626,0.2802016135279858
0.5072064348468031,0.17597550300757236,0.28026677908366365
0.5073095217062275,0.17617530715029223,0.2803311205867707
0.5074136478762428,0.17637288413901675,0.2803946494218419
0.507518778360928,0.17656832634385305,0.2804573772642816
0.5076248781199995,0.17676172599481454,0.28051931607493036
0.5077319120774972,0.17695317515067543,0.28058047809464437
0.5078398451305371,0.17714276566638687,0.28064087583840325
0.507948642158068,0.17733058916165584,0.2807005220899139
0.508058268029675,0.17751673698791498,0.28075942989545943
0.5081686876143605,0.17770130019899827,0.28081761255823795
0.5082798657893457,0.17788436951759834,0.2808750836323557
0.5083917674489237,0.1780660353048123,0.2809318569169568
0.5085043575133081,0.17824638753089145,0.28098794644999514
0.5086176009373948,0.17842551574043686,0.2810433665021597
0.5087314627197177,0.17860350902599204,0.281098131570637
0.5088459079112398,0.17878045599548514,0.2811522563732446
0.5089609016242211,0.17895644474311634,0.28120575584150875
0.5090764090410786,0.1791315628185589,0.2812586451146896
0.5091923954232742,0.1793058971977618,0.2813109395336019
0.509308826120097,0.1794795342545717,0.2813626546334733
0.5094256665776031,0.17965255973066185,0.2814138061381126
0.5095428823474031,0.17982505870661358,0.28146440995315497
0.5096604390954598,0.1799971155748804,0.2815144821592227
0.5097783026109969,0.1801688140102129,0.28156403900548344
0.5098964388152645,0.18034023694273238,0.28161309690332553
0.5100148137702937,0.1805114665297179,0.28166167241876405
0.5101333936877308,0.18068258412958815,0.28170978226672844
0.5102521449375733,0.18085367027402655,0.2817574433034855
0.5103710340568925,0.18102480464191828,0.2818046725203372
0.5104900277585275,0.18119606603401278,0.28185148703642643
0.5106090929398563,0.18136753234556013,0.28189790409210314
0.5107281966913444,0.18153928054302754,0.2819439410418709
0.5108473063052311,0.18171138663758918,0.28198961534766465
0.5109663892841545,0.18188392566144385,0.28203494457173284
0.5110854133496343,0.1820569716427926,0.2820799463696216
0.5112043464506844,0.18223059758413696,0.28212463848366853
0.5113231567722449,0.18240487543565864,0.282169038735441
0.5114418127436757,0.18257987607674853,0.2822131650189459
0.5115602830471042,0.18275566928898096,0.2822570352938454
0.5116785366258967,0.18293232373734158,0.2823006675781362
0.5117965426928621,0.1831099069484048,0.2823440799412147
0.5119142707385949,0.18328848528722697,0.28238729049706596
0.5120316905396812,0.18346812393948275,0.28243031739690044
0.512148772166855,0.18364888688868514,0.2824731788223649
0.5122654859931663,0.1838308368990948,0.2825158929783334
0.5123818027019305,0.184014035495016,0.28255847808634127
0.5124976932948736,0.1841985429422182,0.28260095237690663
0.5126131290999396,0.18438441823070267,0.2826433340830491
0.5127280817792831,0.18457171905595415,0.2826856414331355
0.5128425233370262,0.18476050180312265,0.28272789264373055
0.5129564261269688,0.18495082152867515,0.28277010591319424
0.5130697628603745,0.18514273194607467,0.2828122994140725
0.5131825066135105,0.1853362854104087,0.28285449128649215
0.5132946308351842,0.1855315329001921,0.2828966996315111
0.513406109354213,0.18572852400789214,0.28293894250360846
0.5135169163868456,0.18592730692157766,0.28298123790482205
0.5136270265440411,0.18612792841453019,0.2830236037766969
0.5137364148387045,0.18633043383174436,0.2830660579948487
0.5138450566927928,0.186534867076045,0.2831086183610297
0.5139529279444883,0.18674127059896672,0.2831513025972911
0.5140600048550126,0.18694968538839052,0.28319412833867347
0.5141662641156755,0.18716015095756505,0.2832371131269917
0.5142716828545603,0.18737270533715655,0.283280274404359
0.5143762386432761,0.18758738506425687,0.2833236295062115
0.5144799095035013,0.1878042251732267,0.2833671956550331
0.5145826739136331,0.18802325918932988,0.2834109899538467
0.5146845108150871,0.1882445191214659,0.2834550293800897
0.5147853996185968,0.18846803545222018,0.2834993307789553
0.5148853202105568,0.18869383713499283,0.28354391085718433
0.5149842529589341,0.1889219515866271,0.28358878617704414
0.5150821787194895,0.18915240468206396,0.2836339731497133
0.5151790788415134,0.18938522075189912,0.2836794880296587
0.5152749351736419,0.18962042257606176,0.28372534690839796
0.5153697300695563,0.18985803138131968,0.28377156570871254
0.515463446393547,0.1900980668403499,0.28381816017815237
0.5155560675259326,0.1903405470671462,0.2838651458836422
0.5156475773683722,0.19058548861878066,0.28391253820626516
0.5157379603491103,0.19083290649183687,0.28396035233401773
0.5158272014280211,0.19108281412402933,0.28400860325826816
0.5159152861016001,0.19133522339288117,0.28405730576609256
0.5160022004077911,0.19159014462071283,0.2841064744365589
0.516087930930674,0.1918475865715723,0.28415612363409243
0.5161724648051104,0.1921075564584222,0.2842062675042224
0.5162557897210674,0.19237005994247802,0.2842569199675513
0.5163378939281162,0.19263510113972399,0.28430809471511287
0.5164187662394618,0.1929026826228279,0.2843598052030327
0.516498396036033,0.19317280542795057,0.284412064648026
0.5165767732704629,0.1934454690601864,0.2844648860218035
0.5166538884707825,0.19372067149958183,0.28451828204726765
0.5167297327440903,0.19399840920709438,0.2845722651930313
0.5168042977799979,0.1942786771332476,0.2846268476697023
0.516877575854068,0.19456146872766983,0.28468204142439085
0.516949559830916,0.19484677594416394,0.2847378581370033
0.5170202431673434,0.19513458925321886,0.28479430921638127
0.5170896199151241,0.1954248976517799,0.2848514057948937
0.517157684723905,0.19571768867287292,0.2849091587261295
0.5172244328437557,0.19601294839738292,0.284967578578956
0.5172898601275194,0.19631066146622728,0.2850266756357284
0.5173539630332445,0.19661081109192963,0.2850864598868771
0.517416738626218,0.19691337907372441,0.28514694102869353
0.517478184581059,0.1972183458089214,0.285208128458757
0.5175382991833181,0.19752569031057926,0.2852700312732517
0.5175970813314055,0.19783539022001928,0.28533265826341075
0.5176545305379253,0.19814742181981737,0.2853960179123767
0.5177106469309576,0.1984617600579227,0.28546011839271934
0.5177654312553619,0.19877837855592273,0.2855249675629642
0.5178188848736897,0.19909724963213188,0.2855905729647753
0.5178710097670209,0.1994183443182821,0.28565694182078327
0.5179218085356233,0.1997416323743359,0.28572408103192104
0.517971284399431,0.20006708231396247,0.28579199717520276
0.5180194411983908,0.20039466142056422,0.2858606965005896
0.5180662833925804,0.2007243357657581,0.28593018493025646
0.5181118160621557,0.20105607023412664,0.2860004680558316
0.5181560449071742,0.20138982854412418,0.28607155113620486
0.5181989762471899,0.20172557326554774,0.28614343909652334
0.5182406170206165,0.20206326584928097,0.2862161365263303
0.5182809747841951,0.20240286664173113,0.28628964767843784
0.518320057711765,0.2027443349181643,0.28636397646663336
0.5183578745934184,0.20308762889792198,0.2864391264652367
0.5183944348340389,0.20343270577285538,0.2865151009088557
0.5184297484518998,0.20377952173485503,0.2865919026896926
0.5184638260770084,0.20412803199629076,0.28666953435811915
0.5184966789491727,0.2044781908203827,0.28674799812209095
0.5185283189161458,0.20482995154396527,0.2868272958455373
0.5185587584311206,0.20518326661022657,0.28690742904932437
0.5185880105505576,0.2055380875888631,0.28698839891047706
0.5186160889315692,0.20589436521012866,0.2870702062622917
0.5186430078289297,0.20625204939145997,0.2871528515945815
0.518668782092272,0.20661108926164728,0.2872363350527926
0.5186934271628896,0.20697143320266354,0.28732065644099847
0.5187169590702952,0.20733302886348165,0.28740581521928876
0.518739394428675,0.20769582320145902,0.28749181050730355
0.5187607504331273,0.20805976250936214,0.28757864108315556
0.5187810448557709,0.2084247924461754,0.28766630538533816
0.5188002960414788,0.2087908580694205,0.2877548015135879
0.5188185229036428,0.20915790386423616,0.28784412723059133
0.5188357449195309,0.20952587377829673,0.2879342799627054
0.5188519821256375,0.20989471125571046,0.28802525680236657
0.5188672551126251,0.21026435926643522,0.28811705450936376
0.5188815850202675,0.21063476033732387,0.288209669512831
0.5188949935320927,0.21100585659473808,0.2883030979140825
0.518907502869786,0.2113775897859484,0.2883973354871438
0.518919135787565,0.21174990132549498,0.28849237768305996
0.5189299155661274,0.21212273232056433,0.2885882196307488
0.5189398660065396,0.21249602361076414,0.2886848561413417
0.518949011423851,0.2128697157977429,0.28878228170897075
0.5189573766406845,0.21324374928970274,0.288880490516615
0.5189649869803824,0.21361806432434938,0.28897947643576516
0.5189718682599689,0.2139926010154195,0.2890792330329907
0.5189780467831944,0.21436729938293103,0.2891797535710081
0.5189835493330763,0.21474209939219435,0.2892810310140717
0.5189884031642618,0.2151169409835169,0.28938305802970077
0.5189926359954382,0.2154917641198557,0.2894858269950121
0.5189962760013536,0.21586650881296326,0.2895893299989353
0.5189993518043762,0.21624111516536587,0.289693558846947
0.5190018924665774,0.2166155234065329,0.28979850506585286
0.5190039274806985,0.21698967392974428,0.2899041599077362
0.5190054867617847,0.21736350732651416,0.290010514355258
0.5190066006380374,0.21773696443228496,0.2901175591260254
0.51900729984144,0.21810998634970546,0.29022528467714115
0.5190076154988129,0.21848251449964007,0.2903336812112567
0.5190075791218717,0.21885449065026724,0.2904427386812235
0.5190072225976404,0.21922585695960717,0.2905524467961964
0.5190065781784339,0.21959655600915362,0.2906627950260937
0.5190056784716236,0.21996653084092527,0.2907737726079199
0.5190045564293871,0.22033572499964527,0.2908853685521606
0.5190032453379667,0.2207040825673829,0.2909975716471747
0.5190017788070571,0.22107154819847918,0.2911103704675502
0.5190001907587323,0.2214380671611077,0.2912237533783525
0.5189985154164133,0.22180358537278477,0.29133770854299884
0.5189967872933303,0.22216804943795126,0.29145222392847986
0.5189950411810389,0.22253140668205923,0.29156728731369663
0.5189933121377284,0.22289360519503915,0.291682886294831
0.5189916354761624,0.22325459386174124,0.29179900829322664
0.5189900467518065,0.22361432240257473,0.2919156405612085
0.5189885817500413,0.22397274140847823,0.2920327701912836
0.5189872764741509,0.224329802375408,0.29215038412260785
0.5189861671322,0.22468545774638154,0.29226846914764276
0.5189852901244508,0.22503966093993755,0.2923870119210657
0.5189846820299631,0.2253923663950972,0.29250599896670465
0.5189843795937349,0.2257435295935038,0.2926254166859935
0.5189844197129336,0.22609310711154817,0.29274525136611107
0.5189848394232225,0.22644105663703423,0.2928654891862907
0.5189856758851122,0.22678733702085102,0.29298611622888543
0.5189869663700376,0.22713190829938867,0.29310711848583865
0.5189887482459429,0.22747473173578936,0.2932284818683342
0.5189910589630985,0.22781576984486063,0.29335019221349123
0.5189939360393568,0.22815498643856835,0.2934722352958284
0.518997417045766,0.22849234664951928,0.29359459683358613
0.5190015395913543,0.22882781696719184,0.2937172624994353
0.519006341308418,0.2291613652655749,0.293840217928386
0.5190118598368548,0.22949296084487658,0.29396344872767644
0.5190181328093216,0.22982257445633353,0.29408694048552836
0.519025197835203,0.23015017832451212,0.29421067878078405
0.5190330924850516,0.23047574619547312,0.29433464919237246
0.5190418542749583,0.2307992533550089,0.2944588373089492
0.5190515206500576,0.23112067665346075,0.29458322873838216
0.5190621289686658,0.23143999455560693,0.2947078091164926
0.5190737164857322,0.23175718714266225,0.2948325641195868
0.5190863203365886,0.232072236153825,0.29495747947117457
0.5190999775200238,0.2323851250149202,0.2950825409553007
0.5191147248814983,0.23269583885984618,0.2952077344220353
0.51913059909642,0.23300436455752344,0.29533304580283243
0.519147636652728,0.23331069073694521,0.29545846111746465
0.519165873834026,0.23361480781183008,0.29558396648510404
0.5191853467017449,0.23391670801079428,0.29570954813452227
0.5192060910781355,0.23421638538921924,0.29583519241463924
0.5192281425282124,0.2345138358543301,0.2959608858063014
0.5192515363422494,0.2348090571966221,0.29608661493039623
0.5192763075175938,0.23510204910718863,0.29621236656062494
0.5193024907409973,0.23539281318655758,0.2963381276316822
0.5193301203701303,0.2356813529767226,0.2964638852548533
0.5193592304153903,0.2359676739769786,0.29658962672185957
0.519389854521822,0.23625178366399568,0.2967153395217132
0.5194220259501007,0.23653369150027248,0.29684101134859886
0.5194557775583056,0.2368134089592201,0.29696663011266844
0.5194911417829916,0.2370909495459818,0.29709218395265335
0.5195281506207611,0.2373663287865197,0.29721766124555843
0.5195668356086257,0.23763956427817146,0.2973430506167071
0.5196072278057071,0.2379106756726697,0.29746834095421665
0.5196493577736426,0.23817968469840528,0.29759352141557227
0.5196932555577554,0.23844661517774812,0.29771858144176905
0.5197389506674118,0.23871149302868966,0.2978435107681734
0.5197864720569589,0.23897434627912256,0.2979682994333187
0.5198358481060841,0.23923520507230062,0.2980929377921258
0.5198871066004701,0.23949410167222202,0.29821741652723194
0.5199402747119428,0.23975107047554378,0.2983417266571923
0.5199953789791851,0.2400061480138772,0.2984658595511146
0.5200524452876147,0.2402593729572789,0.2985898069370989
0.5201114988500164,0.24051078612366766,0.2987135609145235
0.5201725641861923,0.2407604304701707,0.2988371139650492
0.5202356651037483,0.2410083510998654,0.2989604589619232
0.52030082467765,0.24125459526582083,0.29908358918424
0.5203680652305048,0.24149921236917576,0.2992064983240567
0.5204374083123194,0.24174225394722548,0.2993291804997805
0.520508874680852,0.24198377368402668,0.29945163026559957
0.5205824842810832,0.24222382739594744,0.29957384262516135
0.5206582562256624,0.2424624730329235,0.29969581303734505
0.5207362087743368,0.24269977066963877,0.29981753743027084
0.520816359314117,0.24293578249577774,0.2999390122119103
0.5208987243389164,0.24317057280888277,0.30006023427972905
0.5209833194299403,0.24340420800957818,0.30018120103065404
0.5210701592346804,0.24363675658262907,0.3003019103738334
0.5211592574477091,0.24386828908543362,0.30042236073775885
0.5212506267900393,0.24409887814227316,0.30054255108343514
0.5213442789893479,0.2443285984179568,0.3006624809106849
0.5214402247593054,0.2445575266203051,0.30078215027342287
0.5215384737806376,0.24478574145582038,0.3009015597842086
0.5216390346799693,0.24501332364077993,0.30102071062954217
0.5217419150105753,0.24524035586017057,0.3011396045747724
0.5218471212321396,0.2454669227551527,0.3012582439745486
0.521954658691219,0.24569311090266943,0.3013766317867901
0.5220645316010388,0.2459190087955943,0.3014947715750064
0.5221767430219897,0.24614470680521028,0.3016126675234829
0.5222912948420249,0.24637029716852193,0.3017303244421253
0.5224081877566197,0.24659587395563076,0.3018477477787058
0.5225274212499981,0.24682153304268506,0.3019649436266162
0.5226489935747709,0.2470473720804982,0.30208191873135243
0.5227729017336646,0.24727349047116187,0.30219868050128335
0.5228991414592636,0.24749998932833356,0.30231523701623214
0.5230277071954481,0.24772697144161682,0.30243159703423445
0.5231585920783488,0.24795454125797084,0.3025477699988495
0.5232917879173178,0.24818280482545313,0.3026637660508434
0.5234272851761398,0.24841186977387242,0.3027795960298458
0.5235650729544665,0.24864184526389288,0.3028952714871904
0.5237051389692172,0.24887284195291187,0.30301080468951375
0.523847469536596,0.24910497195935366,0.30312620862834533
0.5239920495532876,0.24933834881203226,0.30324149702376074
0.5241388624787982,0.24957308741158235,0.3033566843348121
0.524287890317367,0.24980930398062323,0.30347178576135353
0.524439113601179,0.2500471160390903,0.3035868172553198
0.5245925113709183,0.25028664231812414,0.30370179552188276
0.5247480611606631,0.25052800275169684,0.3038167380266621
0.5249057389792872,0.25077131840455347,0.30393166300315305
0.5250655192939354,0.2510167114329964,0.304046589454714
0.5252273750136953,0.2512643050168012,0.3041615371618771
0.5253912774724349,0.25151422333328266,0.30427652668359173
0.5255571964132852,0.2517665914763939,0.3043915793667258
0.5257250999722337,0.25202153541506805,0.304506717345176
0.5258949546621273,0.25227918193252413,0.3046219635454773
0.5260667253574063,0.2525396585809533,0.30473734169140015
0.5262403752795523,0.2528030936056032,0.30485287630448776
0.5264158659805717,0.25306961589109905,0.30496859271078697
0.5265931573301775,0.25333935490229903,0.3050845170374863
0.526772207499087,0.25361244062577204,0.30520067622074365
0.5269529729473229,0.2538890035065249,0.3053170980054681
0.5271354084088653,0.25416917436436726,0.30543381094471644
0.5273194668783383,0.25445308436620007,0.305550844406484
0.5275050995986876,0.254740864920986,0.30566822856615683
0.52769225604714,0.25503264763968064,0.3057859944157071
0.527880883923366,0.25532856425843387,0.30590417375876877
0.5280709291378647,0.25562874656467466,0.3060227992099358
0.5282623357986109,0.2559333263403466,0.3061419041972375
0.5284550462015207,0.25624243527271884,0.30626152295887465
0.528649000818095,0.256556204897773,0.30638169054435455
0.5288441382849268,0.25687476651542734,0.3065024428075455
0.5290403953940206,0.2571982511434925,0.3066238164089078
0.5292377070827259,0.25752678939831425,0.3067458488148832
0.529436006424078,0.25786051146544015,0.30686857828761277
0.529635224617707,0.25819954698400155,0.30699204388743606
0.52983529098176,0.258544025011155,0.30711628546719233
0.5300361329444211,0.2588940739108461,0.30724134366689454
0.5302376760365027,0.259249821286923,0.30736725991257374
0.53043984388412,0.2596113939231714,0.3074940764076585
0.5306425582018921,0.25997891766804415,0.30762183612482064
0.5308457387870916,0.2603525173961919,0.30775058280818335
0.5310493035130772,0.26073231689063653,0.3078803609571118
0.5312531683252192,0.26111843879293767,0.3080112158262063
0.531457247235771,0.26151100451020876,0.3081431934153825
0.5316614523192389,0.26191013412702674,0.3082763404607387
0.5318656937095082,0.26231594633380656,0.3084107044288234
0.5320698795963464,0.2627285583476946,0.30854633350123756
0.5322739162229669,0.2631480858153596,0.3086832765725949
0.5324777078845224,0.26357464275005593,0.30882158323962355
0.5326811569262939,0.26400834143761653,0.3089613037804663
0.5328841637433789,0.2644492923606253,0.30910248915951755
0.533086626779949,0.26489760410122226,0.3092451910012308
0.5332884425306503,0.265353383288739,0.30938946158704056
0.5334895055412688,0.2658167344864319,0.3095353538371247
0.5336897084105849,0.26628776011907596,0.30968292130069075
0.5338889417930592,0.2667665604087657,0.30983221813928113
0.5340870944021633,0.26725323326885353,0.3099832991150397
0.5342840530126576,0.26774787423519975,0.31013621957158666
0.5344797024680239,0.26825057637476657,0.31029103542155234
0.5346739256828622,0.26876143022854027,0.3104478031309831
0.53486660365046,0.26928052371007377,0.3106065796949391
0.5350576154495367,0.26980794201173075,0.3107674226307256
0.5352468382503999,0.27034376757693546,0.31093038995280003
0.5354341473251909,0.27088807997326486,0.31109554015423097
0.5356194160545155,0.27144095584036504,0.31126293219038165
0.5358025159395519,0.2720024688021306,0.3114326254542082
0.5359833166106851,0.2725726893859903,0.31160467976186174
0.5361616858402416,0.27315168496633774,0.3117791553233377
0.5363374895545779,0.27373951969339905,0.3119561127246383
0.5365105918464349,0.27433625439408743,0.31213561290663255
0.536680854989056,0.2749419465008983,0.3123177171400637
0.5368481394519726,0.2755566500210504,0.3125024869979242
0.5370123039156047,0.27618041544054683,0.3126899843345637
0.5371732052878586,0.2768132896516665,0.312880271260625
0.5373306987224304,0.27745531590412637,0.31307341011413486
0.5374846376369642,0.27810653371913113,0.31326946343254736
0.5376348737316968,0.2787669788430032,0.3134684939284907
0.5377812570107324,0.2794366832155818,0.31367056445951097
0.5379236358032677,0.2801156748382935,0.3138757379996104
0.5380618567849607,0.2808039777766589,0.3140840776032149
0.5381957650021644,0.2815016120977876,0.3142956463911681
0.5383252038956686,0.2822085938096716,0.31451050749628107
0.5384500153271914,0.28292493479658837,0.3147287240455418
0.5385700396036157,0.2836506428062227,0.31495035912656016
0.5386851155063032,0.2843857213768988,0.31517547575232013
0.5387950803195133,0.2851301698046646,0.3154041368193407
0.5388997698588838,0.2858839831176266,0.3156364050865768
0.5389990185029074,0.2866471519926463,0.31587234312018775
0.5390926592246723,0.2874196628013736,0.3161120132774001
0.5391805236249303,0.28820149750419216,0.3163554776551659
0.5392624419663978,0.28899263365930633,0.3166027980496227
0.5393382432086329,0.28979304438776315,0.31685403592992595
0.5394077550446214,0.2906026983721945,0.3171092523842892
0.5394708039393468,0.2914215598242958,0.31736850808356903
0.539527215167571,0.2922495884467186,0.31763186324564746
0.5395768128541826,0.29308673949634284,0.31789937757951175
0.5396194200165656,0.29393296369163596,0.3181711102526897
0.5396548586066175,0.29478820728331373,0.3184471198419768
0.539682949554733,0.2956524120141775,0.31872746428651366
0.539703512815234,0.2965255151522101,0.3190122008454954
0.5397163674131228,0.29740744947262704,0.31930138604804187
0.5397213314916938,0.2982981433076279,0.3195950756463708
0.5397182223626577,0.2991975205513983,0.31989332456113956
0.5397068565551516,0.3001055006895162,0.3201961868432334
0.5396870498713419,0.3010219988437948,0.32050371561247754
0.5396586174349941,0.3019469257833583,0.32081596300942916
0.5396213737509609,0.3028801879662731,0.32113298013938785
0.539575132758748,0.30382168762429146,0.3214548170272851
0.5395197078920005,0.304771322805458,0.3217815225520537
0.5394549121364084,0.3057289873963314,0.32211314440318284
0.539380558092483,0.30669457122495053,0.32244972900853786
0.5392964580360565,0.3076679601404709,0.3227913214941429
0.5392024239831564,0.30864903604314825,0.3231379656082167
0.5390982677554547,0.30963767702878014,0.3234897036813029
0.5389838010476009,0.3106337574412557,0.32384657654901783
0.538858835494884,0.3116371480005436,0.3242086234974241
0.5387231827448994,0.3126477158655517,0.3245758822007135
0.5385766545280517,0.3136653247867524,0.3249483886603754
0.5384190627327061,0.3146898352385364,0.32532617713616185
0.538250219479506,0.31572110450104035,0.32570928008292355
0.5380699371977368,0.316758986841808,0.32609772808211607
0.5378780287053736,0.3178033336011504,0.3264915497790146
0.5376743072890213,0.31885399343402604,0.3268907718081728
0.5374585867854507,0.31991081238934266,0.3272954187392802
0.5372306816668775,0.3209736341465947,0.32770551298246725
0.536990407124467,0.3220423001270876,0.32812107473010854
0.5367375791596877,0.3231166497568964,0.328542121892478
0.5364720146692217,0.32419652060048826,0.32896867001140667
0.5361935315397139,0.32528174860009346,0.32940073218981064
0.5359019487392445,0.3263721683237177,0.3298383190198905
0.5355970864129632,0.32746761309800926,0.3302814384988672
0.5352787659800067,0.3285679153613786,0.3307300959560773
0.5349468102316974,0.32967290684443157,0.3311842939805238
0.5346010434350109,0.33078241881796283,0.3316440323293586
0.5342412914316427,0.33189628240566843,0.3321093078515486
0.5338673817457816,0.3330143288601832,0.33258011441286517
0.5334791436897055,0.3341363898314002,0.3330564428002099
0.5330764084745094,0.335262297697913,0.33353828065044794
0.532659009317833,0.3363918858557345,0.3340256123576875
0.5322267815616569,0.33752498906289036,0.3345184189869096
0.5317795627827476,0.33866144379814506,0.33501667819313774
0.5313171929142084,0.3398010885795552,0.3355203641280442
0.5308395143619326,0.3409437643357128,0.3360294473434469
0.5303463721285459,0.342089314842504,0.3365438947249558
0.5298376139375293,0.3432375870552065,0.3370636693696259
0.5293130903564778,0.34438843153140836,0.3375887305169891
0.5287726549299478,0.3455417028488735,0.3381190334450917
0.5282161643065123,0.34669726009113105,0.338654529374614
0.527643478374611,0.34785496722038495,0.33919516537846156
0.5270544603966627,0.349014693587185,0.33974088428281407
0.52644897714585,0.3501763144469862,0.3402916245654997
0.5258268990491226,0.3513397113875835,0.3408473202645117
0.5251881003273452,0.3525047728465422,0.341407900864766
0.5245324591414999,0.3536713947453773,0.341973291217501
0.5238598577387744,0.35483948086692335,0.34254341141785716
0.523170182604661,0.35600894360813146,0.3431181766991359
0.522463324613746,0.35717970437300167,0.3436974973601746
0.521739179185502,0.3583516943113239,0.34428127861922836
0.5209976464406588,0.3595248548386398,0.3448694205333158
0.5202386313635622,0.3606991383824764,0.3454618178836439
0.5194620439617766,0.3618745089031071,0.3460583600608901
0.5186677994340653,0.36305094261609766,0.3466589309592574
0.5178558183371674,0.36422842875623246,0.34726340887179286
0.5170260267572154,0.36540697018862084,0.34787166636343825
0.5161783564806203,0.36658658415096296,0.3484835701710349
0.5153127451749245,0.36776730304708644,0.34909898108485726
0.5144291365631539,0.3689491751889166,0.349717753824851
0.5135274806064796,0.37013226562677676,0.3503397369475207
0.5126077336917865,0.37131665687869014,0.35096477268838694
0.5116698588134965,0.3725024498236253,0.35159269689082484
0.5107138257690622,0.37368976456994324,0.35222333883943124
0.509739611348473,0.37487874133035043,0.352856521174463
0.5087471995311866,0.37606954123143926,0.35349205975485304
0.5077365816861279,0.37726234740982173,0.35412976353641457
0.5067077567731147,0.37845736579978245,0.3547694344533033
0.5056607315452033,0.37965482618729113,0.35541086727624005
0.5045955207604789,0.3808549831978751,0.3560538495040434
0.5035121473899103,0.38205811731555145,0.35669816122391923
0.5024106428333974,0.3832645359191312,0.35734357500438935
0.5012910471371648,0.38447457434299087,0.35798985572753816
0.5001534092097925,0.3856885970437531,0.35863676050306387
0.4989977870524361,0.38690699863235817,0.3592840384907518
0.49782424798057084,0.38813020512447,0.3599314308204876
0.49663286885447877,0.38935867502251426,0.3605786704060106
0.495423736314338,0.39059290056637,0.36122548183508196
0.49419694701431416,0.39183340902553593,0.3618715812488498
0.49295260786403905,0.3930807638578587,0.362516676167315
0.49169083627078736,0.3943355661047531,0.36316046539363456
0.4904117603856575,0.3955984556380346,0.36380263883879704
0.4891155193549227,0.39687011260493416,0.3644428774042758
0.48780226357159134,0.39815125866390405,0.3650808528331087
0.4864721549315226,0.39944265857738465,0.365716227571764
0.4851253670954342,0.40074512151300773,0.36634865461136357
0.4837620857539171,0.40205950264504825,0.36697777739000165
0.48238250889078205,0.40338670454723763,0.36760322957145875
0.4809868470549843,0.40472767888670463,0.3682246349787767
0.4795753236385567,0.4060834278349141,0.3688416074048039
0.4781481751491481,0.4074550057978828,0.36945375046118906
0.47670565149790195,0.4088435210351921,0.3700606574449178
0.47524801627876345,0.41025013735059684,0.3706619111997825
0.47377554706284253,0.4116760757910702,0.371257083935537
0.4722885356869674,0.41312261643275155,0.37184573709236
0.47078728855576646,0.4145911000845957,0.3724274212049842
0.4692721269353962,0.41608293029027615,0.37300167571083115
0.4677433872653266,0.4175995750304417,0.3735680288431112
0.46620142146033094,0.4191425687179255,0.37412599743707436
0.46464659722659957,0.4207135141465465,0.37467508679020334
0.463079298376762,0.4223140843992304,0.3752147905154324
0.4614999251513858,0.42394602494884986,0.3757445903607322
0.45990889453956285,0.4256111556885795,0.3762639560717883
0.458306640610531,0.4273113731359193,0.3767723452319974
